{"loss": [2.575220823287964, 0.22467973828315735, 0.2059931457042694], "accuracy": [0.7043120861053467, 0.907597541809082, 0.9219712615013123], "val_loss": [0.1664014458656311, 0.07977695763111115, 0.10249768942594528], "val_accuracy": [0.9362499713897705, 0.9700000286102295, 0.9612500071525574]}