{"loss":{"0":1.7221156359,"1":0.2709225714,"2":0.1666076332},"accuracy":{"0":0.7741273046,"1":0.8921971321,"2":0.9332649112},"val_loss":{"0":0.2099916637,"1":0.0955494344,"2":0.1117439345},"val_accuracy":{"0":0.9412500262,"1":0.9712499976,"2":0.9662500024}}