{"accuracy": 0.9435897469520569, "loss": 0.14368204772472382, "val_accuracy": 0.9612500071525574}