{"accuracy": 0.9219712615013123, "loss": 0.2059931457042694, "val_accuracy": 0.9612500071525574}