{"accuracy": 0.9548254609107971, "loss": 0.11564670503139496, "val_accuracy": 0.9800000190734863}