{"accuracy": 0.9579487442970276, "loss": 0.10765542089939117, "val_accuracy": 0.9662500023841858}