step	accuracy
0	0.9662500023841858
1	0.9549999833106995
2	0.9737499952316284
3	0.9725000262260437
4	0.9750000238418579
5	0.9762499928474426
6	0.9837499856948853
7	0.9800000190734863
8	0.9637500047683716
9	0.9662500023841858
10	0.9787499904632568
11	0.9800000190734863
