step	accuracy
0	0.9662500023841858
1	0.9762499928474426
2	0.9775000214576721
3	0.9762499928474426
4	0.9424999952316284
5	0.9787499904632568
6	0.9700000286102295
7	0.9725000262260437
8	0.9700000286102295
9	0.9662500023841858
