step	loss
0	0.11461785435676575
1	0.16044355928897858
2	0.0808192566037178
3	0.07536966353654861
4	0.09568780660629272
5	0.08081862330436707
6	0.07168184965848923
7	0.06966052204370499
8	0.08850643038749695
9	0.10655876994132996
10	0.08146879822015762
11	0.07338550686836243
