step	loss
0	0.1632421910762787
1	0.0913117304444313
2	0.1015874445438385
3	0.0935569703578949
4	0.20705005526542664
5	0.08773722499608994
6	0.10042421519756317
7	0.09447769820690155
8	0.10608202964067459
9	0.1416475623846054
