step	accuracy
0	0.790554404258728
1	0.8788501024246216
2	0.907597541809082
3	0.9045174717903137
4	0.9425051212310791
5	0.9281314015388489
6	0.9383983612060547
7	0.9322382211685181
8	0.9373716711997986
9	0.9517453908920288
10	0.9609856009483337
11	0.9548254609107971
