step	loss
0	0.9897404909133911
1	0.37397301197052
2	0.24084851145744324
3	0.21516697108745575
4	0.15154914557933807
5	0.19493213295936584
6	0.1628928929567337
7	0.15240779519081116
8	0.1670890599489212
9	0.11362706124782562
10	0.12151753157377243
11	0.11564670503139496
