{
    "train": {
        "loss": 0.11564670503139496,
        "accuracy": 0.9548254609107971
    },
    "eval": {
        "loss": 0.07338550686836243,
        "accuracy": 0.9800000190734863
    },
    "step": 11
}
