{
    "train": {
        "loss": 0.10765542089939117,
        "accuracy": 0.9579487442970276
    },
    "eval": {
        "loss": 0.1416475623846054,
        "accuracy": 0.9662500023841858
    },
    "step": 9
}
